{
	"GameObjects" : 
	{
		"Cube" : 
		{
			"Material component" : 
			{
				"Colour" : 
				[
					1.0,
					1.0,
					1.0,
					1.0
				],
				"Material Path" : ""
			},
			"Shape component" : 
			{
				"Shape Type" : 3
			},
			"Tag" : "Cube",
			"Transform component" : 
			{
				"Position" : 
				[
					-0.80000001192092896,
					0.0,
					0.0
				],
				"Rotation" : 
				[
					0.0,
					0.61086505651473999,
					0.0
				],
				"Scale" : 
				[
					0.10000000149011612,
					0.10000000149011612,
					0.10000000149011612
				]
			}
		},
		"Cube 1" : 
		{
			"Material component" : 
			{
				"Colour" : 
				[
					0.53539824485778809,
					0.090022720396518707,
					0.090022720396518707,
					1.0
				],
				"Material Path" : ""
			},
			"Shape component" : 
			{
				"Shape Type" : 3
			},
			"Tag" : "Cube 1",
			"Transform component" : 
			{
				"Position" : 
				[
					0.0,
					0.0,
					0.0
				],
				"Rotation" : 
				[
					0.0,
					0.87266433238983154,
					0.0
				],
				"Scale" : 
				[
					0.10000000149011612,
					0.10000000149011612,
					0.10000000149011612
				]
			}
		},
		"Plane" : 
		{
			"Material component" : 
			{
				"Colour" : 
				[
					0.15114732086658478,
					0.85398232936859131,
					0.51811420917510986,
					1.0
				],
				"Material Path" : ""
			},
			"Shape component" : 
			{
				"Shape Type" : 1
			},
			"Tag" : "Plane",
			"Transform component" : 
			{
				"Position" : 
				[
					0.0,
					-0.20000000298023224,
					0.0
				],
				"Rotation" : 
				[
					4.7123875617980957,
					0.0,
					0.0
				],
				"Scale" : 
				[
					5.0,
					5.0,
					5.0
				]
			}
		}
	}
}